{
  "UE_endpoint_class": "pointwise/sup",
  "UE_exponent_p": "1",
  "alpha_worst": "1",
  "budget_tuple": {
    "notes": "Budget tuple recorded for the legacy D1 harness; S5' budgets are OPEN in-text (see OPEN box in Section 12).",
    "p": "1",
    "q": "1",
    "theta": "1"
  },
  "certificate_version": "v38_repro_pack",
  "created_utc": "2026-01-25T20:16:39Z",
  "endpoint_family": "v38: D1 harness (pointwise sup) + S5prime open phase toolkit",
  "endpoint_functional": "sup_{\u2202B} |E'(v)/E(v)|",
  "eta": "1e-14",
  "forceability_mode": "identity: forced object is D_B(W)",
  "forcing_architecture": "single-box forcing (short-side pair-factor phase; Lemma 8.1 and Lemma force-constant-limited)",
  "forcing_constants": {
    "Kalloc_expression": "3 + 8*sqrt(3)",
    "c0_expression": "(3*ln(2))/(8*pi)",
    "c_expression": "(3*ln(2))/16"
  },
  "forcing_target": "Harness targets D_B(W) (dial deviation); S5' proposes widetilde D_B(W) (buffered phase)",
  "growth_model": {
    "form": "G(n,kappa) <= C_G * kappa^{-u} * n^q",
    "notes": "Growth model parameters are not certified by this harness; recorded for audit bookkeeping.",
    "q": "1",
    "u": "OPEN"
  },
  "intervals": {
    "C1": {
      "hi": "15.2",
      "lo": "15.1"
    },
    "C2": {
      "hi": "37.4",
      "lo": "37.3"
    },
    "C_hpp": {
      "hi": "1100.5",
      "lo": "1100"
    },
    "C_up": {
      "hi": "1100.5",
      "lo": "1100"
    }
  },
  "kappa": "0.05",
  "local_exponent_theta": "1",
  "local_growth_q": "1",
  "m_band": "10",
  "manuscript_version": "v38",
  "missing_lever_open": true,
  "notes": [
    "Demo-only intervals carried forward from v31-style scaffolding; replace with audit-proven enclosures when G-1/G-12 are closed.",
    "The verifier/generator implement directed-rounding interval arithmetic with Python's decimal module.",
    "The local-window majorant N_up(m)=1.01*log(m)+17 is hard-coded from Lemma Nloc-logm in manuscript_v36.",
    "UE_exponent_p is recorded explicitly to prevent exponent drift across versions.",
    "v36 adds explicit metadata for endpoint_functional and forcing_architecture to prevent silent mismatch under S5 redesign.",
    "UE_endpoint_class='pointwise/sup' is the class for which Lemma UE-scaling-nogo forbids any exponent p>1 with shape-only constants.",
    "v36 schema latch: required fields (endpoint_functional, UE_exponent_p, local_exponent_theta, local_growth_q, forceability_mode, forcing_architecture) must be present; verifier fails closed if missing.",
    "v38 schema latch: phase_endpoint_only_nogo_installed=true records that Lemma phase-UE-theta0-nogo is installed in-text (endpoint-only NO-GO)."
  ],
  "phase_endpoint_only_nogo_installed": true
}