{
  "certificate_version": "v39_repro_pack",
  "created_utc": "2026-01-25T20:16:56Z",
  "discharged_by": {
    "logic": "If RH holds for 0<gamma<=H_cited and H0<=H_cited, then RH holds for 0<gamma<=H0.",
    "reference": {
      "arxiv": "2004.09765",
      "authors": "D. J. Platt and T. S. Trudgian",
      "doi": "10.1112/blms.12460",
      "statement": "All zeros beta+i gamma with 0<gamma<=3*10^12 satisfy beta=1/2 (rigorous interval arithmetic).",
      "title": "The Riemann hypothesis is true up to 3*10^12",
      "venue": "Bulletin of the London Mathematical Society",
      "year": 2021
    },
    "type": "literature_citation",
    "verification_height": 3000000000000.0
  },
  "manuscript_version": "v39",
  "needed_frontend_statement": {
    "H0": 5.0,
    "text": "All nontrivial zeros rho=beta+i gamma with 0<gamma<=H0 satisfy beta=1/2.",
    "type": "RH_to_height"
  },
  "notes": [
    "This JSON is not itself a computation of zeros; it is a pinned statement+reference used by v39.",
    "For a fully self-contained proof without external computational input, one would need to implement and certify an argument-principle zero count in this region using ball arithmetic (not provided here)."
  ]
}