{
  "certificate_version": "v35",
  "created_utc": "2026-01-23T00:00:00Z",
  "m_band": "10",
  "eta": "1e-14",
  "alpha_worst": "1",
  "kappa": "0.05",
  "intervals": {
    "C1": {
      "lo": "15.1",
      "hi": "15.2"
    },
    "C2": {
      "lo": "37.3",
      "hi": "37.4"
    },
    "C_up": {
      "lo": "1100",
      "hi": "1100.5"
    },
    "C_hpp": {
      "lo": "1100",
      "hi": "1100.5"
    }
  },
  "notes": [
    "Demo-only intervals carried forward from v31-style scaffolding; replace with audit-proven enclosures when G-1/G-12 are closed.",
    "The verifier/generator implement directed-rounding interval arithmetic with Python's decimal module.",
    "The local-window majorant N_up(m)=1.01*log(m)+17 is hard-coded from Lemma Nloc-logm in manuscript_v35.",
    "UE_exponent_p is recorded explicitly to prevent exponent drift across versions.",
    "v35 adds explicit metadata for endpoint_functional and forcing_architecture to prevent silent mismatch under S5 redesign.",
    "UE_endpoint_class='pointwise/sup' is the class for which Lemma UE-scaling-nogo forbids any exponent p>1 with shape-only constants."
  ],
  "UE_exponent_p": "1",
  "manuscript_version": "v35",
  "UE_endpoint_class": "pointwise/sup",
  "endpoint_functional": "sup_{\u2202B} |E'(v)/E(v)|",
  "forcing_architecture": "single-box forcing (short-side pair-factor phase; Lemma 8.1 and Lemma force-constant-limited)",
  "forcing_constants": {
    "c_expression": "(3*ln(2))/16",
    "c0_expression": "(3*ln(2))/(8*pi)",
    "Kalloc_expression": "3 + 8*sqrt(3)"
  }
}
